{
  "elapsed_sec": 8.609949827194214,
  "device": "cuda:0",
  "config": {
    "chunk_len": 50,
    "ctx_len": 64,
    "d_model": 128
  },
  "stats": {
    "final_loss": 29.94918441772461,
    "entropy_by_pos": [
      3.661557912826538,
      3.7025272846221924,
      3.562901020050049,
      3.8402557373046875,
      3.868220567703247,
      3.7166671752929688,
      3.7482614517211914,
      3.409440517425537,
      3.1272830963134766,
      2.5087716579437256,
      3.8244595527648926,
      2.957721471786499,
      2.538857936859131,
      3.5263547897338867,
      3.0253028869628906,
      3.4600844383239746,
      3.6625850200653076,
      3.1475534439086914,
      3.5539774894714355,
      3.1277525424957275,
      3.685946464538574,
      3.759295701980591,
      3.7887353897094727,
      3.836338996887207,
      3.6839351654052734,
      3.6808362007141113,
      3.689574956893921,
      3.972837209701538,
      3.6669921875,
      3.522688388824463,
      3.6033644676208496,
      2.8687644004821777,
      3.7958908081054688,
      3.370206356048584,
      3.6273913383483887,
      3.444842576980591,
      3.727356433868408,
      3.659395456314087,
      3.7111151218414307,
      3.643622875213623,
      3.5310754776000977,
      3.5767507553100586,
      3.3999414443969727,
      3.6784632205963135,
      3.6975202560424805,
      3.7928965091705322,
      3.8497586250305176,
      3.2147316932678223,
      3.8077707290649414,
      3.73612117767334
    ],
    "entropy_slope_nats_per_pos": 0.004431123138189582,
    "entropy_pos0": 3.661557912826538,
    "entropy_pos_mid": 3.6808362007141113,
    "entropy_pos_last": 3.73612117767334,
    "topk_mass": {
      "4": {
        "by_pos": [
          0.2906301021575928,
          0.2813662588596344,
          0.34242820739746094,
          0.23055362701416016,
          0.2185029834508896,
          0.2754146158695221,
          0.2541787624359131,
          0.37290340662002563,
          0.47533851861953735,
          0.6505120396614075,
          0.22840063273906708,
          0.5258713364601135,
          0.643439769744873,
          0.34778714179992676,
          0.4988369941711426,
          0.3558731973171234,
          0.2946970462799072,
          0.47431671619415283,
          0.33272457122802734,
          0.4681149125099182,
          0.27959468960762024,
          0.2628841698169708,
          0.24226269125938416,
          0.23038789629936218,
          0.28314197063446045,
          0.28369200229644775,
          0.279122531414032,
          0.17182663083076477,
          0.2883177697658539,
          0.33872926235198975,
          0.3163178563117981,
          0.5603165030479431,
          0.24660269916057587,
          0.38786742091178894,
          0.31119778752326965,
          0.35803139209747314,
          0.27920907735824585,
          0.2870141565799713,
          0.2797583341598511,
          0.2936875820159912,
          0.3319690227508545,
          0.31824466586112976,
          0.37742990255355835,
          0.279979944229126,
          0.27591076493263245,
          0.2490168809890747,
          0.22189602255821228,
          0.4431380331516266,
          0.2337462306022644,
          0.26318347454071045
        ],
        "pos0": 0.2906301021575928,
        "pos_mid": 0.28369200229644775,
        "pos_last": 0.26318347454071045,
        "max_in_late_half": 0.5603165030479431,
        "min_in_late_half": 0.17182663083076477
      },
      "8": {
        "by_pos": [
          0.4390994906425476,
          0.4239279329776764,
          0.4844340682029724,
          0.36162036657333374,
          0.3479031026363373,
          0.4175565242767334,
          0.3997476100921631,
          0.5323754549026489,
          0.6207020878791809,
          0.7756614685058594,
          0.36595118045806885,
          0.6723725199699402,
          0.7496710419654846,
          0.49471166729927063,
          0.6525764465332031,
          0.5162738561630249,
          0.44040489196777344,
          0.6149997711181641,
          0.4862326383590698,
          0.6281309127807617,
          0.42749977111816406,
          0.4017532467842102,
          0.3834317922592163,
          0.3643200993537903,
          0.43066269159317017,
          0.43067604303359985,
          0.4276409149169922,
          0.29019609093666077,
          0.4358154535293579,
          0.49364420771598816,
          0.4671105146408081,
          0.6953076720237732,
          0.3824363946914673,
          0.5455937385559082,
          0.45687079429626465,
          0.5206295251846313,
          0.4186810851097107,
          0.43746113777160645,
          0.4205760955810547,
          0.44496431946754456,
          0.4885338842868805,
          0.47214072942733765,
          0.5368388891220093,
          0.4301508069038391,
          0.42282238602638245,
          0.3829514682292938,
          0.35577669739723206,
          0.6010710000991821,
          0.372353196144104,
          0.4071395993232727
        ],
        "pos0": 0.4390994906425476,
        "pos_mid": 0.43067604303359985,
        "pos_last": 0.4071395993232727,
        "max_in_late_half": 0.6953076720237732,
        "min_in_late_half": 0.29019609093666077
      },
      "16": {
        "by_pos": [
          0.6291612386703491,
          0.6114497780799866,
          0.6557475328445435,
          0.5466094017028809,
          0.5342470407485962,
          0.60306715965271,
          0.5956783890724182,
          0.715852677822113,
          0.7735099792480469,
          0.8783605098724365,
          0.5588862895965576,
          0.8169125318527222,
          0.8523211479187012,
          0.6721543073654175,
          0.8058582544326782,
          0.7030766010284424,
          0.6279735565185547,
          0.7660529613494873,
          0.6690719127655029,
          0.7866378426551819,
          0.6194260716438293,
          0.586045503616333,
          0.5764138698577881,
          0.5506266355514526,
          0.6210759878158569,
          0.6205263733863831,
          0.6210429072380066,
          0.47282853722572327,
          0.6265256404876709,
          0.6805691123008728,
          0.6508313417434692,
          0.8258054256439209,
          0.570059061050415,
          0.7260427474975586,
          0.6387712359428406,
          0.7089154720306396,
          0.5988666415214539,
          0.632712185382843,
          0.6065139770507812,
          0.6375746726989746,
          0.6787877082824707,
          0.661895751953125,
          0.7177373170852661,
          0.6250423192977905,
          0.6163075566291809,
          0.5687766075134277,
          0.544761598110199,
          0.7663097381591797,
          0.566056489944458,
          0.6002365350723267
        ],
        "pos0": 0.6291612386703491,
        "pos_mid": 0.6205263733863831,
        "pos_last": 0.6002365350723267,
        "max_in_late_half": 0.8258054256439209,
        "min_in_late_half": 0.47282853722572327
      },