{
  "contact_fraction_per_task": [
    0.24897754192352295,
    0.27949538826942444,
    0.2777358889579773,
    0.2071884572505951,
    0.2404174655675888,
    0.25528618693351746,
    0.2666369378566742,
    0.272243469953537,
    0.2553105056285858,
    0.2107199728488922
  ],
  "baseline_sr_per_task": [
    0.9666666666666667,
    0.8888888888888888,
    0.9777777777777779,
    0.9555555555555556,
    0.4000000000000001,
    0.19999999999999998,
    0.9777777777777779,
    0.26666666666666666,
    0.9555555555555556,
    0.15555555555555556
  ],
  "cpr_sr_per_task": [
    1.0,
    0.8555555555555555,
    0.9777777777777779,
    0.9777777777777779,
    0.5555555555555555,
    0.15555555555555556,
    0.9555555555555556,
    0.15555555555555556,
    0.9111111111111111,
    0.1777777777777778
  ],
  "sham_sr_per_task": [
    0.9777777777777779,
    0.8777777777777778,
    0.9777777777777779,
    0.9777777777777779,
    0.5111111111111111,
    0.13333333333333333,
    0.9333333333333332,
    0.19999999999999998,
    0.9333333333333332,
    0.3444444444444445
  ],
  "cpr_minus_baseline_pp": [
    3.3333333333333326,
    -3.3333333333333326,
    0.0,
    2.2222222222222254,
    15.55555555555554,
    -4.444444444444443,
    -2.2222222222222254,
    -11.11111111111111,
    -4.444444444444451,
    2.2222222222222254
  ],
  "cpr_minus_sham_pp": [
    2.2222222222222143,
    -2.2222222222222254,
    0.0,
    0.0,
    4.444444444444439,
    2.2222222222222228,
    2.2222222222222365,
    -4.444444444444443,
    -2.2222222222222143,
    -16.666666666666668
  ],
  "sham_minus_baseline_pp": [
    1.1111111111111183,
    -1.1111111111111072,
    0.0,
    2.2222222222222254,
    11.1111111111111,
    -6.666666666666665,
    -4.444444444444462,
    -6.666666666666668,
    -2.2222222222222365,
    18.888888888888893
  ],
  "pearson": {
    "cpr_vs_base": {
      "r": -0.4710825255541881,
      "p": 0.16935180590661217
    },
    "cpr_vs_sham": {
      "r": 0.3646241815032684,
      "p": 0.3002368285394677
    },
    "sham_vs_base": {
      "r": -0.6786298442550771,
      "p": 0.03096867323953827
    }
  },
  "spearman_cpr_vs_base": {
    "rho": -0.6079055436800646,
    "p": 0.06225488170893077
  },
  "verdict": "\u274c NO MECHANISM STORY: contact_fraction does NOT predict CPR per-task gain. Drop CPR."
}