{
  "contact_fraction_per_task": [
    0.30317142605781555,
    0.1870952993631363,
    0.3029804825782776,
    0.287242591381073,
    0.2679256498813629,
    0.272582471370697,
    0.201517254114151,
    0.27278590202331543,
    0.280778706073761,
    0.20814979076385498
  ],
  "baseline_sr_per_task": [
    0.16666666666666666,
    0.32222222222222224,
    0.011111111111111112,
    0.0,
    0.0888888888888889,
    0.011111111111111112,
    0.10000000000000002,
    0.17777777777777778,
    0.07777777777777778,
    0.044444444444444446
  ],
  "cpr_sr_per_task": [
    0.06666666666666667,
    0.22222222222222224,
    0.0,
    0.0,
    0.11111111111111112,
    0.0,
    0.044444444444444446,
    0.2888888888888889,
    0.10000000000000002,
    0.011111111111111112
  ],
  "sham_sr_per_task": [
    0.16666666666666666,
    0.3111111111111111,
    0.0,
    0.0,
    0.05555555555555555,
    0.0,
    0.12222222222222223,
    0.13333333333333333,
    0.06666666666666667,
    0.0
  ],
  "cpr_minus_baseline_pp": [
    -10.0,
    -10.0,
    -1.1111111111111112,
    0.0,
    2.2222222222222214,
    -1.1111111111111112,
    -5.555555555555557,
    11.111111111111112,
    2.222222222222224,
    -3.3333333333333335
  ],
  "cpr_minus_sham_pp": [
    -10.0,
    -8.888888888888888,
    0.0,
    0.0,
    5.555555555555556,
    0.0,
    -7.777777777777778,
    15.555555555555559,
    3.3333333333333353,
    1.1111111111111112
  ],
  "sham_minus_baseline_pp": [
    0.0,
    -1.1111111111111127,
    -1.1111111111111112,
    0.0,
    -3.3333333333333353,
    -1.1111111111111112,
    2.2222222222222214,
    -4.4444444444444455,
    -1.1111111111111114,
    -4.444444444444445
  ],
  "pearson": {
    "cpr_vs_base": {
      "r": 0.37676022087221883,
      "p": 0.2831984807147307
    },
    "cpr_vs_sham": {
      "r": 0.3124854115426271,
      "p": 0.37936629341517236
    },
    "sham_vs_base": {
      "r": -0.01151604061317,
      "p": 0.9748120017478497
    }
  },
  "spearman_cpr_vs_base": {
    "rho": 0.2439069733276417,
    "p": 0.4970775764810612
  },
  "verdict": "\ud83d\udfe1 Weak signal: trend in right direction but not significant at n=10 tasks. Need more tasks."
}