{
  "contact_fraction_per_task": [
    0.16759996116161346,
    0.17363235354423523,
    0.2143302708864212,
    0.1832350343465805,
    0.20256900787353516,
    0.26794523000717163,
    0.10866353660821915,
    0.20512641966342926,
    0.16869549453258514,
    0.28678324818611145
  ],
  "baseline_sr_per_task": [
    0.07777777777777778,
    0.48888888888888893,
    0.9555555555555556,
    1.0,
    0.888888888888889,
    0.9777777777777779,
    0.6444444444444444,
    0.9555555555555556,
    0.7999999999999999,
    0.8555555555555555
  ],
  "cpr_sr_per_task": [
    0.05555555555555556,
    0.4444444444444445,
    1.0,
    0.9777777777777779,
    0.9222222222222222,
    0.9888888888888889,
    0.6888888888888888,
    0.8777777777777778,
    0.9,
    0.888888888888889
  ],
  "sham_sr_per_task": [
    0.07777777777777778,
    0.5333333333333333,
    0.9555555555555556,
    0.9666666666666668,
    0.8777777777777779,
    0.9888888888888889,
    0.7777777777777778,
    0.9555555555555556,
    0.9,
    0.8444444444444444
  ],
  "cpr_minus_baseline_pp": [
    -2.222222222222222,
    -4.4444444444444455,
    4.444444444444439,
    -2.2222222222222143,
    3.3333333333333215,
    1.1111111111111072,
    4.444444444444439,
    -7.777777777777784,
    10.000000000000009,
    3.3333333333333437
  ],
  "cpr_minus_sham_pp": [
    -2.222222222222222,
    -8.888888888888886,
    4.444444444444439,
    1.1111111111111072,
    4.444444444444429,
    0.0,
    -8.888888888888902,
    -7.777777777777784,
    0.0,
    4.444444444444451
  ],
  "sham_minus_baseline_pp": [
    0.0,
    4.444444444444439,
    0.0,
    -3.3333333333333215,
    -1.1111111111111072,
    1.1111111111111072,
    13.333333333333341,
    0.0,
    10.000000000000009,
    -1.1111111111111072
  ],
  "pearson": {
    "cpr_vs_base": {
      "r": -0.030823834719813207,
      "p": 0.9326368881552238
    },
    "cpr_vs_sham": {
      "r": 0.594182730506039,
      "p": 0.07007865185021403
    },
    "sham_vs_base": {
      "r": -0.6335614942239877,
      "p": 0.04921482181206214
    }
  },
  "spearman_cpr_vs_base": {
    "rho": -0.04863244349440517,
    "p": 0.8938677821006588
  },
  "verdict": "\u274c NO MECHANISM STORY: contact_fraction does NOT predict CPR per-task gain. Drop CPR."
}