{
  "seeds": [
    42,
    43,
    44
  ],
  "eps_per_task": 30,
  "per_seed_sr": {
    "baseline": [
      0.72,
      0.6300000000000001,
      0.6733333333333333
    ],
    "cpr": [
      0.6266666666666667,
      0.6866666666666666,
      0.7033333333333334
    ],
    "sham": [
      0.66,
      0.7033333333333334,
      0.6966666666666668
    ]
  },
  "paired": {
    "cpr_vs_baseline": {
      "values": [
        -9.333333333333329,
        5.666666666666657,
        3.000000000000014
      ],
      "paired_t_p": 0.9660088025803456,
      "wilcoxon_p": 1.0
    },
    "cpr_vs_sham": {
      "values": [
        -3.3333333333333286,
        -1.6666666666666714,
        0.6666666666666714
      ],
      "paired_t_p": 0.339172861892047,
      "wilcoxon_p": 0.5
    },
    "sham_vs_baseline": {
      "values": [
        -6.0,
        7.333333333333329,
        2.333333333333343
      ],
      "paired_t_p": 0.7830589954493044,
      "wilcoxon_p": 0.75
    }
  }
}