{
  "seeds": [
    42,
    43,
    44
  ],
  "per_seed_sr": {
    "baseline_factor1.0": [
      0.06666666666666667,
      0.03333333333333333,
      0.13333333333333333
    ],
    "channel_diff_1.5": [
      0.06666666666666667,
      0.06666666666666667,
      0.19999999999999998
    ],
    "sham_3.0": [
      0.13333333333333333,
      0.06666666666666667,
      0.03333333333333333
    ]
  },
  "pooled": {
    "baseline_factor1.0": [
      7,
      90
    ],
    "channel_diff_1.5": [
      10,
      90
    ],
    "sham_3.0": [
      7,
      90
    ]
  },
  "fisher_pvals": {
    "cpr_vs_baseline": 0.30571891751249086,
    "cpr_vs_sham": 0.30571891751249086,
    "sham_vs_baseline": 0.6090507564352285
  },
  "verdict": "CPR shows no significant SR gain over baseline at this scale"
}