{
  "seeds": [
    42,
    43,
    44
  ],
  "eps_per_task": 30,
  "per_seed_sr": {
    "baseline": [
      0.76,
      0.7966666666666666,
      0.7366666666666666
    ],
    "cpr": [
      0.7666666666666667,
      0.7833333333333334,
      0.7733333333333334
    ],
    "sham": [
      0.7700000000000001,
      0.78,
      0.8133333333333335
    ]
  },
  "paired": {
    "cpr_vs_baseline": {
      "values": [
        0.6666666666666714,
        -1.3333333333333144,
        3.6666666666666856
      ],
      "paired_t_p": 0.5624050255063116,
      "wilcoxon_p": 0.75
    },
    "cpr_vs_sham": {
      "values": [
        -0.3333333333333428,
        0.3333333333333428,
        -4.0
      ],
      "paired_t_p": 0.42661782091900435,
      "wilcoxon_p": 0.75
    },
    "sham_vs_baseline": {
      "values": [
        1.0000000000000142,
        -1.6666666666666572,
        7.666666666666686
      ],
      "paired_t_p": 0.4890193317362622,
      "wilcoxon_p": 0.75
    }
  }
}