{
  "seeds": [
    42,
    43,
    44
  ],
  "eps_per_task": 30,
  "per_seed_sr": {
    "baseline": [
      0.11333333333333333,
      0.09666666666666666,
      0.09
    ],
    "cpr": [
      0.1,
      0.06666666666666667,
      0.08666666666666666
    ],
    "sham": [
      0.07,
      0.08666666666666666,
      0.1
    ]
  },
  "paired": {
    "cpr_vs_baseline": {
      "values": [
        -1.3333333333333321,
        -2.999999999999999,
        -0.3333333333333339
      ],
      "paired_t_p": 0.1835034190722739,
      "wilcoxon_p": 0.25
    },
    "cpr_vs_sham": {
      "values": [
        2.999999999999999,
        -1.9999999999999991,
        -1.333333333333334
      ],
      "paired_t_p": 0.949937382567824,
      "wilcoxon_p": 1.0
    },
    "sham_vs_baseline": {
      "values": [
        -4.333333333333331,
        -1.0,
        1.0
      ],
      "paired_t_p": 0.4511395698030262,
      "wilcoxon_p": 0.75
    }
  }
}