{
  "elapsed_sec": 401.1174113750458,
  "device": "cuda:0",
  "suite_descriptive_stats": {
    "libero_spatial": {
      "n_demos": 500,
      "n_files": 10,
      "traj_len_mean": 124.5,
      "traj_len_std": 22.1552251173397,
      "traj_len_min": 75,
      "traj_len_max": 197,
      "contact_density_mean": 0.3038313090801239,
      "contact_density_std": 0.002509898040443659,
      "transitions_per_demo_mean": 0.0,
      "transitions_per_demo_std": 0.0,
      "frac_demos_with_no_transition": 1.0,
      "action_var_contact_mean": 0.1591103081521715,
      "action_var_free_mean": 0.22129351445650497,
      "action_var_ratio_contact_over_free": 0.719001225783526,
      "translation_mag_contact": 0.6226370063127977,
      "translation_mag_free": 0.7756857221883963,
      "rotation_mag_contact": 0.09443344251733393,
      "rotation_mag_free": 0.07959450861938887
    },
    "libero_object": {
      "n_demos": 500,
      "n_files": 10,
      "traj_len_mean": 149.014,
      "traj_len_std": 20.354405026922304,
      "traj_len_min": 114,
      "traj_len_max": 254,
      "contact_density_mean": 0.30314508080482483,
      "contact_density_std": 0.001955959713086486,
      "transitions_per_demo_mean": 0.0,
      "transitions_per_demo_std": 0.0,
      "frac_demos_with_no_transition": 1.0,
      "action_var_contact_mean": 0.15723730075821835,
      "action_var_free_mean": 0.216351267270385,
      "action_var_ratio_contact_over_free": 0.7267685682733304,
      "translation_mag_contact": 0.5148413018616375,
      "translation_mag_free": 0.7013573476861195,
      "rotation_mag_contact": 0.05875357963502212,
      "rotation_mag_free": 0.05540320089114456
    },
    "libero_goal": {
      "n_demos": 500,
      "n_files": 10,
      "traj_len_mean": 127.456,
      "traj_len_std": 42.014855277627696,
      "traj_len_min": 75,
      "traj_len_max": 347,
      "contact_density_mean": 0.3040112257003784,
      "contact_density_std": 0.002921022940427065,
      "transitions_per_demo_mean": 0.0,
      "transitions_per_demo_std": 0.0,
      "frac_demos_with_no_transition": 1.0,
      "action_var_contact_mean": 0.12297686478347605,
      "action_var_free_mean": 0.16759186657942537,
      "action_var_ratio_contact_over_free": 0.7337877863255058,
      "translation_mag_contact": 0.6415783705844771,
      "translation_mag_free": 0.6873834383185911,
      "rotation_mag_contact": 0.12088729204826655,
      "rotation_mag_free": 0.09133237330757192
    },
    "libero_10": {
      "n_demos": 500,
      "n_files": 10,
      "traj_len_mean": 276.18,
      "traj_len_std": 62.95633089690027,
      "traj_len_min": 150,
      "traj_len_max": 517,
      "contact_density_mean": 0.30181580781936646,
      "contact_density_std": 0.001192951574921608,
      "transitions_per_demo_mean": 0.0,
      "transitions_per_demo_std": 0.0,
      "frac_demos_with_no_transition": 1.0,
      "action_var_contact_mean": 0.12221415569163717,
      "action_var_free_mean": 0.17872795233437727,
      "action_var_ratio_contact_over_free": 0.6837998986470232,
      "translation_mag_contact": 0.5368331859452753,
      "translation_mag_free": 0.5183523608930061,
      "rotation_mag_contact": 0.08533765930342259,
      "rotation_mag_free": 0.08160666844328557
    }
  },
  "fine_factor_sweep": {
    "libero_10": {
      "factor_1.0": {
        "all": 0.488996545728547,
        "contact": 0.5883362308621577,
        "free": 0.446095895978746,
        "rot_contact": 0.012017032145513636,
        "rot_free": 0.008954643108620186,
        "trans_contact": 0.281815133679158,
        "trans_free": 0.24503664270367745,
        "n_contact": 4186.0,
        "n_free": 9693.0,
        "contact_gain_pct": 0.0,
        "free_gain_pct": 0.0,
        "overall_gain_pct": 0.0
      },
      "factor_1.1": {
        "all": 0.48290367883687335,
        "contact": 0.5770510015337307,
        "free": 0.442245405278412,
        "rot_contact": 0.011816744515914834,
        "rot_free": 0.00889578764497416,
        "trans_contact": 0.27554127844508847,
        "trans_free": 0.24414353807017025,
        "n_contact": 4186.0,
        "n_free": 9693.0,
        "contact_gain_pct": 1.9181598440554055,
        "free_gain_pct": 0.8631531325536901,
        "overall_gain_pct": 1.2459938510600321
      },
      "factor_1.2": {
        "all": 0.49355186149343755,
        "contact": 0.5790670357192468,
        "free": 0.4566214406107843,
        "rot_contact": 0.011729335031266126,
        "rot_free": 0.00906042663487539,
        "trans_contact": 0.2769723243822735,
        "trans_free": 0.25554278090459376,
        "n_contact": 4186.0,
        "n_free": 9693.0,
        "contact_gain_pct": 1.5754928315952395,
        "free_gain_pct": -2.359480265772226,
        "overall_gain_pct": -0.931563996654345
      },
      "factor_1.5": {
        "all": 0.4877665159861888,
        "contact": 0.5633030004382874,
        "free": 0.45514547744919415,
        "rot_contact": 0.011432270226978758,
        "rot_free": 0.009230251511737411,
        "trans_contact": 0.26550474681754005,
        "trans_free": 0.2546660758683301,
        "n_contact": 4186.0,
        "n_free": 9693.0,
        "contact_gain_pct": 4.254919060005225,
        "free_gain_pct": -2.0286179613002573,
        "overall_gain_pct": 0.251541601490374
      },
      "factor_2.0": {
        "all": 0.4696848189953605,
        "contact": 0.5277062833337651,
        "free": 0.44462778860234037,
        "rot_contact": 0.010699807772145024,
        "rot_free": 0.009712672437736521,
        "trans_contact": 0.2465357216590338,
        "trans_free": 0.24784032033961415,
        "n_contact": 4186.0,
        "n_free": 9693.0,
        "contact_gain_pct": 10.305322764084142,
        "free_gain_pct": 0.3291012962996576,
        "overall_gain_pct": 3.949256268142814
      }
    },
    "libero_object": {
      "factor_1.0": {
        "all": 0.5024170286269937,
        "contact": 0.7242071360926474,
        "free": 0.4058149415663272,
        "rot_contact": 0.005375023535502854,
        "rot_free": 0.00398432102463316,
        "trans_contact": 0.21960687247655725,
        "trans_free": 0.19570917992075537,
        "n_contact": 2325.0,
        "n_free": 5338.0,
        "contact_gain_pct": 0.0,
        "free_gain_pct": 0.0,
        "overall_gain_pct": 0.0
      },
      "factor_1.1": {
        "all": 0.5548784628590202,
        "contact": 0.7725721191078104,
        "free": 0.46006060057518944,
        "rot_contact": 0.005300898228281288,
        "rot_free": 0.004023322564088793,
        "trans_contact": 0.24273214565810336,
        "trans_free": 0.21640924623102764,
        "n_contact": 2325.0,
        "n_free": 5338.0,
        "contact_gain_pct": -6.678335603831402,
        "free_gain_pct": -13.367092596317384,
        "overall_gain_pct": -10.441810536436885
      },
      "factor_1.2": {
        "all": 0.5808715113426147,
        "contact": 0.7807927490562521,
        "free": 0.49379454377261206,
        "rot_contact": 0.005270740152687155,
        "rot_free": 0.003998108353338781,
        "trans_contact": 0.23427497556132654,
        "trans_free": 0.22297214059268727,
        "n_contact": 2325.0,
        "n_free": 5338.0,
        "contact_gain_pct": -7.81345697156534,
        "free_gain_pct": -21.679734577221158,
        "overall_gain_pct": -15.615410753497274
      },
      "factor_1.5": {
        "all": 0.5843215667593188,
        "contact": 0.7660679142449491,
        "free": 0.505160787302977,
        "rot_contact": 0.005259208679199219,
        "rot_free": 0.004006276981198149,
        "trans_contact": 0.22206452585035755,
        "trans_free": 0.22694113979003724,
        "n_contact": 2325.0,
        "n_free": 5338.0,
        "contact_gain_pct": -5.780221716421542,
        "free_gain_pct": -24.480578599004716,
        "overall_gain_pct": -16.302102330439318
      },
      "factor_2.0": {
        "all": 0.64583237190152,
        "contact": 0.8121811774469191,
        "free": 0.5733780830529085,