{
  "elapsed_sec": 211.25039148330688,
  "device": "cuda:0",
  "diagnostic": {
    "n_demos_inspected": 250,
    "gripper_value_stats": {
      "min": -0.040940596762838295,
      "max": 0.04110855990648502,
      "mean": -6.460724050330633e-05,
      "std": 0.026710316520431387,
      "median": 7.37086103022474e-05,
      "percentiles": {
        "1": -0.0398337297380875,
        "5": -0.03966042781164806,
        "25": -0.015757054143722304,
        "50": 7.37086103022474e-05,
        "75": 0.015478162139308076,
        "95": 0.03968772532587784,
        "99": 0.03985540168144417
      }
    },
    "gripper_ch0_stats": {
      "min": 6.578838772832404e-05,
      "max": 0.04110855990648502,
      "mean": 0.020432876202588247,
      "std": 0.017205349605742024
    },
    "gripper_ch1_stats": {
      "min": -0.040940596762838295,
      "max": 0.0001992269360454157,
      "mean": -0.02056209068359486,
      "std": 0.017045946943124862
    },
    "gripper_delta_stats": {
      "min": 0.0,
      "max": 0.008186497843678458,
      "mean": 0.00016482597843563048,
      "median": 6.819723076703903e-06,
      "percentiles": {
        "50": 6.819723076703903e-06,
        "90": 0.00041312374809468,
        "95": 0.0010580730137974923,
        "99": 0.0027126186830403434,
        "99.5": 0.003534780135084906,
        "99.9": 0.004741712293507904
      }
    },
    "ee_velocity_stats": {
      "min": 0.0,
      "max": 0.01719978246716613,
      "mean": 0.008082407468609847,
      "median": 0.009128336608402664,
      "percentiles": {
        "5": 0.0009733389472608717,
        "25": 0.0046550309082233395,
        "50": 0.009128336608402664,
        "75": 0.01139614583516688,
        "95": 0.01319930407064902
      }
    },
    "action_gripper_dim_stats": {
      "min": -1.0,
      "max": 1.0,
      "mean": 0.04689942678478374,
      "std": 0.9988996164616638,
      "unique_values": [
        -1.0,
        1.0
      ]
    },
    "n_demos_with_transition_above_threshold": {
      "0.001": 233,
      "0.005": 15,
      "0.01": 0,
      "0.02": 0,
      "0.05": 0,
      "0.1": 0
    }
  },
  "detector_results": {
    "baseline_factor1.0": {
      "all": 0.6781747475203501,
      "contact": 0.9052086815844256,
      "free": 0.5792248201214483,
      "rot_contact": 0.010081117762336448,
      "rot_free": 0.007164856247739485,
      "trans_contact": 0.4606125604927667,
      "trans_free": 0.4084601017341845,
      "n_contact": 1868.0,
      "n_free": 4286.0
    },
    "last_30": {
      "all": 0.6782686740576466,
      "contact": 0.845723521786022,
      "free": 0.6052855395069202,
      "rot_contact": 0.009802657387935312,
      "rot_free": 0.0072828131026883465,
      "trans_contact": 0.4226052990817411,
      "trans_free": 0.42752954284554046,
      "n_contact": 1868.0,
      "n_free": 4286.0,
      "mask_density": 0.3038584291934967,
      "contact_gain_pct": 6.571430545085384,
      "free_gain_pct": -4.499240792203568,
      "overall_gain_pct": -0.01384990190800831
    },
    "lowthresh_0.001": {
      "all": 0.6765198492174765,
      "contact": 0.8583210706710815,
      "free": 0.6405700525452349,
      "rot_contact": 0.010067617777353667,
      "rot_free": 0.007691830586251952,
      "trans_contact": 0.30006171364014544,
      "trans_free": 0.4486229244304938,
      "n_contact": 1016.0,
      "n_free": 5138.0,
      "mask_density": 0.17862427234649658,
      "contact_gain_pct": 5.179757095488152,
      "free_gain_pct": -10.590919154832514,
      "overall_gain_pct": 0.24402240114726723
    },
    "lowthresh_0.005": {
      "all": 0.6686371362244188,
      "contact": 0.8547736593444932,
      "free": 0.5975349044200144,
      "rot_contact": 0.009738252591834497,
      "rot_free": 0.007208542464530631,
      "trans_contact": 0.42771629373302605,
      "trans_free": 0.41587648406715144,
      "n_contact": 1701.0,
      "n_free": 4453.0,
      "mask_density": 0.2794588506221771,
      "contact_gain_pct": 5.571645882986204,
      "free_gain_pct": -3.1611359980615177,
      "overall_gain_pct": 1.4063648537201159
    },
    "gripper_channel_diff": {
      "all": 0.6681460999497199,
      "contact": 0.8122901223663591,
      "free": 0.6158635677543755,
      "rot_contact": 0.009064946946789202,
      "rot_free": 0.0075483665186202396,
      "trans_contact": 0.38230364721482196,
      "trans_free": 0.43426761128820074,
      "n_contact": 1638.0,
      "n_free": 4516.0,
      "mask_density": 0.24969817698001862,
      "contact_gain_pct": 10.264877161300213,
      "free_gain_pct": -6.325479565127233,
      "overall_gain_pct": 1.478770421237092
    },
    "action_gripper_cmd": {
      "all": 0.6757809688876812,
      "contact": 1.5448593099912007,
      "free": 0.5518574199400291,
      "rot_contact": 0.007729869248578325,
      "rot_free": 0.008074390358539527,
      "trans_contact": 0.2395247664923469,
      "trans_free": 0.44631155476532947,
      "n_contact": 768.0,
      "n_free": 5386.0,
      "mask_density": 0.12221072614192963,
      "contact_gain_pct": -70.66333337492601,
      "free_gain_pct": 4.724832091221664,
      "overall_gain_pct": 0.35297371974131847
    },
    "ee_velocity_drop": {
      "all": 0.6677090126002885,
      "contact": 0.8930834853206548,
      "free": 0.5856229322920139,
      "rot_contact": 0.008477386448824833,
      "rot_free": 0.0077551708044597805,
      "trans_contact": 0.2555305529714574,
      "trans_free": 0.47537481227224454,
      "n_contact": 1643.0,
      "n_free": 4511.0,
      "mask_density": 0.2658625841140747,
      "contact_gain_pct": 1.339491822211369,
      "free_gain_pct": -1.1045991035439593,
      "overall_gain_pct": 1.543220970454609
    }
  },
  "detectors_tested": [
    "last_30",
    "lowthresh_0.001",
    "lowthresh_0.005",
    "gripper_channel_diff",
    "action_gripper_cmd",
    "ee_velocity_drop"
  ],
  "best_detector_by_overall": "ee_velocity_drop"
}