{
  "elapsed_sec": 195.72771835327148,
  "device": "cuda:0",
  "config": {
    "n_epochs": 3,
    "batch_size": 256,
    "max_boost_adaptive": 5.0,
    "weight_reg": 0.001,
    "factors": [
      1.0,
      1.5,
      2.0,
      2.5,
      3.0,
      4.0,
      5.0
    ]
  },
  "results": {
    "factor_1.0": {
      "contact": 0.8677997966018495,
      "free": 0.5882666168143877,
      "all": 0.6729856558725343
    },
    "factor_1.5": {
      "contact": 0.7971079613600803,
      "free": 0.6040677347101274,
      "all": 0.6625730690381205
    },
    "factor_2.0": {
      "contact": 0.7491085213171711,
      "free": 0.6363504013827569,
      "all": 0.670524373516687
    },
    "factor_2.5": {
      "contact": 0.7333024352773427,
      "free": 0.6590408987720754,
      "all": 0.6815475884716373
    },
    "factor_3.0": {
      "contact": 0.709231911756939,
      "free": 0.6895435648986734,
      "all": 0.6955105732706609
    },
    "factor_4.0": {
      "contact": 0.6694566981592838,
      "free": 0.7276694506123723,
      "all": 0.7100267210374956
    },
    "factor_5.0": {
      "contact": 0.6446005414069101,
      "free": 0.7665688796369051,
      "all": 0.7296035345752376
    },
    "adaptive": {
      "contact": 0.875838296089827,
      "free": 0.599999771566749,
      "all": 0.6835990454851877,
      "boost_history": [
        0.051916964164826655,
        0.0009036036157823513,
        0.0004672987970141444
      ]
    }
  },
  "summary": [
    {
      "factor": 1.0,
      "contact_mse": 0.8677997966018495,
      "free_mse": 0.5882666168143877,
      "overall_mse": 0.6729856558725343,
      "contact_gain_pct": 0.0,
      "free_gain_pct": 0.0,
      "overall_gain_pct": 0.0
    },
    {
      "factor": 1.5,
      "contact_mse": 0.7971079613600803,
      "free_mse": 0.6040677347101274,
      "overall_mse": 0.6625730690381205,
      "contact_gain_pct": 8.146099540307091,
      "free_gain_pct": -2.6860470140744557,
      "overall_gain_pct": 1.5472226998529066
    },
    {
      "factor": 2.0,
      "contact_mse": 0.7491085213171711,
      "free_mse": 0.6363504013827569,
      "overall_mse": 0.670524373516687,
      "contact_gain_pct": 13.677264704307653,
      "free_gain_pct": -8.173808132910036,
      "overall_gain_pct": 0.36572582704697054
    },
    {
      "factor": 2.5,
      "contact_mse": 0.7333024352773427,
      "free_mse": 0.6590408987720754,
      "overall_mse": 0.6815475884716373,
      "contact_gain_pct": 15.49866246237607,
      "free_gain_pct": -12.030987299763542,
      "overall_gain_pct": -1.2722310682836666
    },
    {
      "factor": 3.0,
      "contact_mse": 0.709231911756939,
      "free_mse": 0.6895435648986734,
      "overall_mse": 0.6955105732706609,
      "contact_gain_pct": 18.272404011366937,
      "free_gain_pct": -17.216164437942428,
      "overall_gain_pct": -3.3470130011794574
    },
    {
      "factor": 4.0,
      "contact_mse": 0.6694566981592838,
      "free_mse": 0.7276694506123723,
      "overall_mse": 0.7100267210374956,
      "contact_gain_pct": 22.855859060954174,
      "free_gain_pct": -23.697219902241965,
      "overall_gain_pct": -5.503990291878822
    },
    {
      "factor": 5.0,
      "contact_mse": 0.6446005414069101,
      "free_mse": 0.7665688796369051,
      "overall_mse": 0.7296035345752376,
      "contact_gain_pct": 25.72013223199039,
      "free_gain_pct": -30.30977072744144,
      "overall_gain_pct": -8.412939890865506
    },
    {
      "factor": "adaptive",
      "contact_mse": 0.875838296089827,
      "free_mse": 0.599999771566749,
      "overall_mse": 0.6835990454851877,
      "contact_gain_pct": -0.9263080631563716,
      "free_gain_pct": -1.9945301019968202,
      "overall_gain_pct": -1.5770603013660005,
      "mean_boost_final_ep": 0.0004672987970141444
    }
  ],
  "best_overall": {
    "factor": 1.5,
    "contact_mse": 0.7971079613600803,
    "free_mse": 0.6040677347101274,
    "overall_mse": 0.6625730690381205,
    "contact_gain_pct": 8.146099540307091,
    "free_gain_pct": -2.6860470140744557,
    "overall_gain_pct": 1.5472226998529066
  },
  "best_pareto": null,
  "baseline_factor1.0": {
    "contact": 0.8677997966018495,
    "free": 0.5882666168143877,
    "all": 0.6729856558725343
  }
}