{
  "elapsed_sec": 162.0021035671234,
  "device": "cuda:0",
  "windows": [
    1,
    3,
    5,
    7
  ],
  "factor": 1.5,
  "results": {
    "baseline_factor1.0": {
      "all": 0.6606426940201461,
      "contact": 0.870225004628111,
      "free": 0.5693077528177964,
      "rot_contact": 0.009869482772040913,
      "rot_free": 0.00773412737368308,
      "trans_contact": 0.44327786569376937,
      "trans_free": 0.38628152956003414,
      "n_contact": 1965.0,
      "n_free": 4509.0
    },
    "window_1": {
      "all": 0.6694650977048971,
      "contact": 0.8189368755156151,
      "free": 0.6043260163598855,
      "rot_contact": 0.009963559285374998,
      "rot_free": 0.007911324342409135,
      "trans_contact": 0.4104891842558184,
      "trans_free": 0.4116683563601286,
      "n_contact": 1965.0,
      "n_free": 4509.0,
      "mask_density": 0.30386292934417725,
      "contact_gain_pct": 5.89366299976795
    },
    "window_3": {
      "all": 0.6594142200845902,
      "contact": 0.8014889763208443,
      "free": 0.5974987420889828,
      "rot_contact": 0.009734774121194698,
      "rot_free": 0.007840830425408177,
      "trans_contact": 0.40024845181530666,
      "trans_free": 0.40732071039602114,
      "n_contact": 1965.0,
      "n_free": 4509.0,
      "mask_density": 0.30386292934417725,
      "contact_gain_pct": 7.8986501125235975
    },
    "window_5": {
      "all": 0.6613232067863551,
      "contact": 0.803763388131411,
      "free": 0.5992484740974052,
      "rot_contact": 0.009825231540597425,
      "rot_free": 0.00785713987439428,
      "trans_contact": 0.40405649714190844,
      "trans_free": 0.4089337994238574,
      "n_contact": 1965.0,
      "n_free": 4509.0,
      "mask_density": 0.30386292934417725,
      "contact_gain_pct": 7.637291061879135
    },
    "window_7": {
      "all": 0.6617409980403888,
      "contact": 0.8027127117904391,
      "free": 0.6003062139728113,
      "rot_contact": 0.009774312869889742,
      "rot_free": 0.007871028029682712,
      "trans_contact": 0.4020998399069594,
      "trans_free": 0.40967743062052975,
      "n_contact": 1965.0,
      "n_free": 4509.0,
      "mask_density": 0.30386292934417725,
      "contact_gain_pct": 7.758027231879318
    }
  }
}